,Users,mentioned,frequency
0,@2012YesWeWill,@realDonaldTrump,1
1,@2020Asteroid,@realDonaldTrump,1
2,@2BRing2,@realDonaldTrump,1
3,@2PortSaintLucie,@realDonaldTrump,1
4,@2ajnabhi,@realDonaldTrump,1
5,@2runtherace,@realDonaldTrump,1
6,@3Wrtu,@realDonaldTrump,1
7,@40Glockaholic,@realDonaldTrump,1
8,@420Fatazz,@realDonaldTrump,1
9,@44mmvvpp,@realDonaldTrump,1
10,@ABCF621,@realDonaldTrump,1
11,@ADVgrrls,@realDonaldTrump,1
12,@AHaridopolos,@realDonaldTrump,1
13,@ARedmon2,@realDonaldTrump,1
14,@AbazaAbdelmage1,@realDonaldTrump,1
15,@AbbieYoukilis,@realDonaldTrump,1
16,@AbbyLClifton,@realDonaldTrump,1
17,@AcademicEM,@realDonaldTrump,1
18,@AhmedBaba_,@realDonaldTrump,1
19,@AirricG,@realDonaldTrump,1
20,@Alfie98282685,@realDonaldTrump,1
21,@Allegiance4M,@realDonaldTrump,1
22,@AmandiOnAir,@realDonaldTrump,1
23,@AmirAarsham,@realDonaldTrump,1
24,@AmoneyResists,@realDonaldTrump,1
25,@Anabel_Villeroy,@realDonaldTrump,1
26,@AnderitaMartin1,@realDonaldTrump,1
27,@AndrewPSmith82,@realDonaldTrump,1
28,@AndyOstroy,@realDonaldTrump,2
29,@Anferny_187,@realDonaldTrump,1
30,@AngelWarrior321,@realDonaldTrump,2
31,@Anna67365995,@realDonaldTrump,1
32,@Autarkh,@realDonaldTrump,1
33,@AuthorSpice,@realDonaldTrump,1
34,@AyeshaRanchod,@realDonaldTrump,1
35,@Az_Skies_Photo,@realDonaldTrump,1
36,@BBChickBrueck,@realDonaldTrump,1
37,@BDSEL,@realDonaldTrump,1
38,@BMcAdory9,@realDonaldTrump,1
39,@BPlotnickFSU,@realDonaldTrump,1
40,@BRII954,@realDonaldTrump,1
41,@BadAndy167,@realDonaldTrump,1
42,@BadAsVlad,@realDonaldTrump,1
43,@BamaFanBen,@realDonaldTrump,1
44,@BarbaraOBrien,@realDonaldTrump,1
45,@BarbaraRedgate,@realDonaldTrump,1
46,@Bast200174,@realDonaldTrump,1
47,@BeeNewsDaily,@realDonaldTrump,1
48,@Beg1Girl,@realDonaldTrump,1
49,@Beto6717,@realDonaldTrump,1
50,@BigB_769099,@realDonaldTrump,1
51,@BikeTheFogline,@realDonaldTrump,1
52,@Bill_Shapiro,@realDonaldTrump,1
53,@BillofRight7,@realDonaldTrump,1
54,@BillySantos525,@realDonaldTrump,1
55,@Birkdog90,@realDonaldTrump,1
56,@Biwx313,@realDonaldTrump,1
57,@Bmdrum2,@realDonaldTrump,1
58,@BobbiBl16109411,@realDonaldTrump,1
59,@BorderCollieCN,@realDonaldTrump,1
60,@BoulderDaisy,@realDonaldTrump,1
61,@BoycottUtah,@realDonaldTrump,1
62,@BrandonBeckham_,@realDonaldTrump,2
63,@BrerRabbitSC,@realDonaldTrump,1
64,@Brit_In_LA_,@realDonaldTrump,2
65,@BudDeplorable,@realDonaldTrump,1
66,@Busybusy1,@realDonaldTrump,1
67,@CBPhillips5,@realDonaldTrump,1
68,@CJMatt22094,@realDonaldTrump,1
69,@CMK817,@realDonaldTrump,1
70,@CarmineSabia,@realDonaldTrump,1
71,@Cascada57,@realDonaldTrump,1
72,@ChainsawEnema,@realDonaldTrump,1
73,@Changeling2525,@realDonaldTrump,1
74,@CharisseThomps8,@realDonaldTrump,1
75,@ChiangmaiWu,@realDonaldTrump,1
76,@Chicken27059851,@realDonaldTrump,1
77,@ChipL5,@realDonaldTrump,1
78,@Chris242Day,@realDonaldTrump,1
79,@ChrisAl19624369,@realDonaldTrump,1
80,@ChrisAlbertoLaw,@realDonaldTrump,1
81,@ChrisBa27077918,@realDonaldTrump,1
82,@ChrisMattia74,@realDonaldTrump,1
83,@ChristinePolon1,@realDonaldTrump,1
84,@ChuckDeVore,@realDonaldTrump,1
85,@CivilGaby,@realDonaldTrump,1
86,@Clo4Trump,@realDonaldTrump,2
87,@ConnorShaughne2,@realDonaldTrump,1
88,@CorkyForSenate,@realDonaldTrump,1
89,@Crumlinfinglas,@realDonaldTrump,1
90,@CuddleTalk,@realDonaldTrump,1
91,@Cynthia5199,@realDonaldTrump,1
92,@Daddy_Darrell,@realDonaldTrump,1
93,@DailyCaller,@realDonaldTrump,1
94,@Dantegigas1,@realDonaldTrump,1
95,@DavMicRot,@realDonaldTrump,1
96,@DaveEmasIII,@realDonaldTrump,1
97,@DavidJHarrisJr,@realDonaldTrump,1
98,@DavidWa26897273,@realDonaldTrump,1
99,@DeanObeidallah,@realDonaldTrump,4
100,@Debbie149595281,@realDonaldTrump,1
101,@DebbieDrozan,@realDonaldTrump,1
102,@Debora_Gregori,@realDonaldTrump,1
103,@DelayKathleen,@realDonaldTrump,1
104,@DemWrite,@realDonaldTrump,1
105,@DennyYe,@realDonaldTrump,1
106,@DestructDj,@realDonaldTrump,1
107,@Didy14_,@realDonaldTrump,1
108,@DineshDSouza,@realDonaldTrump,1
109,@DingoStolenBaby,@realDonaldTrump,1
110,@Directs_Theatre,@realDonaldTrump,1
111,@Dnac0717,@realDonaldTrump,1
112,@Don27326431,@realDonaldTrump,1
113,@DonCulver5,@realDonaldTrump,1
114,@Dougnotp,@realDonaldTrump,1
115,@DrDenaGrayson,@realDonaldTrump,1
116,@DrJeffKoloze,@realDonaldTrump,1
117,@DrRobDavidson,@realDonaldTrump,2
118,@Dr_Anonymous33,@realDonaldTrump,1
119,@DuncanPepperWat,@realDonaldTrump,1
120,@EXPECTUSQ17,@realDonaldTrump,1
121,@EdwardTHardy,@realDonaldTrump,2
122,@ElainecKAG,@realDonaldTrump,1
123,@ElleninMtDora,@realDonaldTrump,1
124,@Empressmish13,@realDonaldTrump,1
125,@EricTrump,@realDonaldTrump,2
126,@ExposingFakene4,@realDonaldTrump,1
127,@Farewell4now,@realDonaldTrump,1
128,@FarmingSteve,@realDonaldTrump,1
129,@Fatz317,@realDonaldTrump,1
130,@FedupCitizen5,@realDonaldTrump,1
131,@FulanNasrullah,@realDonaldTrump,1
132,@GA_peach3102,@realDonaldTrump,1
133,@GOP,@realDonaldTrump,2
134,@GOPChairwoman,@realDonaldTrump,5
135,@G_TheOriginal,@realDonaldTrump,1
136,@GaetaSusan,@realDonaldTrump,2
137,@Ge_Avocado,@realDonaldTrump,1
138,@GenumX,@realDonaldTrump,1
139,@GeraltKa,@realDonaldTrump,1
140,@GhoreyshiAram,@realDonaldTrump,1
141,@Ghousertatt,@realDonaldTrump,1
142,@Glayol12,@realDonaldTrump,1
143,@Gregg8826,@realDonaldTrump,1
144,@GueliLois,@realDonaldTrump,1
145,@Hendja,@realDonaldTrump,1
146,@Here4Trump2020,@realDonaldTrump,1
147,@IAmSophiaNelson,@realDonaldTrump,1
148,@IDGafMamaBear,@realDonaldTrump,1
149,@Irishma99484366,@realDonaldTrump,1
150,@JCStew1313,@realDonaldTrump,1
151,@JLJenks07,@realDonaldTrump,1
152,@JPinFuerte,@realDonaldTrump,1
153,@JPotter43,@realDonaldTrump,1
154,@JRubinBlogger,@realDonaldTrump,1
155,@JamieLee74,@realDonaldTrump,1
156,@JarkTom,@realDonaldTrump,1
157,@Jason39830749,@realDonaldTrump,1
158,@JayCoffeyVO,@realDonaldTrump,1
159,@JeanneDEsposito,@realDonaldTrump,1
160,@JeffreyGuterman,@realDonaldTrump,3
161,@JenGranholm,@realDonaldTrump,1
162,@Jenndk61,@realDonaldTrump,1
163,@JerrkyD,@realDonaldTrump,1
164,@JessetheJerk,@realDonaldTrump,1
165,@Jessica34601346,@realDonaldTrump,1
166,@JimDeLong9,@realDonaldTrump,1
167,@JimMFelton,@realDonaldTrump,1
168,@Jkylebass,@realDonaldTrump,1
169,@JoanofAmerica,@realDonaldTrump,1
170,@JohnF33854232,@realDonaldTrump,1
171,@JohnFriend10,@realDonaldTrump,1
172,@JohnT1218,@realDonaldTrump,1
173,@JomoBoxing,@realDonaldTrump,1
174,@Jord_45,@realDonaldTrump,1
175,@Jsaffor525McCoy,@realDonaldTrump,1
176,@JuanBadHambre,@realDonaldTrump,1
177,@Judy00231724,@realDonaldTrump,1
178,@JuliaFromQueens,@realDonaldTrump,1
179,@JulianSvendsen,@realDonaldTrump,2
180,@K99Lorin,@realDonaldTrump,1
181,@KCAddison68,@realDonaldTrump,1
182,@KKL_Justice,@realDonaldTrump,1
183,@KNP2BP,@realDonaldTrump,1
184,@KamalBi80242924,@realDonaldTrump,1
185,@Kathrinemgram,@realDonaldTrump,1
186,@KathyThornhill1,@realDonaldTrump,1
187,@Kauairockchick,@realDonaldTrump,1
188,@KeithLeBlanc63,@realDonaldTrump,1
189,@KelleyGoldie2,@realDonaldTrump,1
190,@Kelleyg0123,@realDonaldTrump,1
191,@KenCook_C,@realDonaldTrump,1
192,@KevinMKruse,@realDonaldTrump,1
193,@Killer2019Sep,@realDonaldTrump,1
194,@KimAms,@realDonaldTrump,1
195,@KimH1313,@realDonaldTrump,1
196,@KimmyDeSimone,@realDonaldTrump,1
197,@KuuipoSays,@realDonaldTrump,1
198,@LAangel_Camilla,@realDonaldTrump,1
199,@LPerez1313,@realDonaldTrump,2
200,@LRBFS7,@realDonaldTrump,1
201,@LTBLNews,@realDonaldTrump,1
202,@LVNancy,@realDonaldTrump,1
203,@LaLaLan99383957,@realDonaldTrump,1
204,@LakeLouise1988,@realDonaldTrump,1
205,@LankyLightfoot,@realDonaldTrump,1
206,@Larshields,@realDonaldTrump,1
207,@LauraWatts61,@realDonaldTrump,1
208,@LawDoctorWise,@realDonaldTrump,1
209,@LeeHolly81,@realDonaldTrump,2
210,@LeeZippon,@realDonaldTrump,1
211,@LeefromNZ,@realDonaldTrump,1
212,@LenoreCassidy,@realDonaldTrump,1
213,@LeratoTumi7,@realDonaldTrump,1
214,@Leslieoo7,@realDonaldTrump,1
215,@Lilsid100,@realDonaldTrump,1
216,@LizNBntown,@realDonaldTrump,1
217,@LizRNC,@realDonaldTrump,2
218,@LoriinUtah,@realDonaldTrump,1
219,@Lou92269706,@realDonaldTrump,1
220,@LouRryNiLam1,@realDonaldTrump,1
221,@LoudSilentOne,@realDonaldTrump,1
222,@LouisGladney,@realDonaldTrump,1
223,@LouiseCHRISTY3,@realDonaldTrump,1
224,@Lrihendry,@realDonaldTrump,5
225,@Luckas72039193,@realDonaldTrump,1
226,@LyndaMOtvos,@realDonaldTrump,1
227,@MADE__USA,@realDonaldTrump,1
228,@MASTCyberTeam,@realDonaldTrump,1
229,@MBGLE350,@realDonaldTrump,1
230,@MadamCha0s,@realDonaldTrump,1
231,@Maine_Indy,@realDonaldTrump,1
232,@MakeNEGrrAgain,@realDonaldTrump,1
233,@MangoMenace45,@realDonaldTrump,1
234,@Marc53038361,@realDonaldTrump,1
235,@MarciaWellman4,@realDonaldTrump,1
236,@MargeELDER8,@realDonaldTrump,1
237,@MarkB11376370,@realDonaldTrump,1
238,@MartheTamblyn,@realDonaldTrump,1
239,@MatthewDicks,@realDonaldTrump,1
240,@MatthewJshow,@realDonaldTrump,1
241,@MazurikL,@realDonaldTrump,1
242,@McqueenJaimie1,@realDonaldTrump,1
243,@Mel7002361,@realDonaldTrump,1
244,@MelanieMH,@realDonaldTrump,1
245,@MerkelPatty,@realDonaldTrump,1
246,@Metal_Man_X,@realDonaldTrump,1
247,@Miguevelas,@realDonaldTrump,1
248,@MikeHatch2,@realDonaldTrump,1
249,@MilosVendettaOG,@realDonaldTrump,1
250,@Mimi98467096,@realDonaldTrump,1
251,@Mimi_Resister,@realDonaldTrump,1
252,@MinMtwit,@realDonaldTrump,1
253,@MolenaVal,@realDonaldTrump,1
254,@MommaTL,@realDonaldTrump,1
255,@MoniqueOMadan,@realDonaldTrump,1
256,@MrQuintinC,@realDonaldTrump,1
257,@MrRocketArmy,@realDonaldTrump,2
258,@Mr_Suns_father,@realDonaldTrump,1
259,@NHJennifer,@realDonaldTrump,1
260,@NM11Ancient,@realDonaldTrump,1
261,@NStephey,@realDonaldTrump,1
262,@Nationalists31,@realDonaldTrump,1
263,@NicholosPoma,@realDonaldTrump,1
264,@Nikyrlo3,@realDonaldTrump,1
265,@NonyAmos,@realDonaldTrump,1
266,@NorthmanTrader,@realDonaldTrump,2
267,@Number41963,@realDonaldTrump,1
268,@OLAWYERO,@realDonaldTrump,1
269,@OOBRadioHost,@realDonaldTrump,1
270,@OliverMcGee,@realDonaldTrump,1
271,@OneOfTheSmiths,@realDonaldTrump,1
272,@OridiusMorphius,@realDonaldTrump,1
273,@Out5p0ken,@realDonaldTrump,1
274,@PNW_DrGoose,@realDonaldTrump,1
275,@Pablo_Rosendo,@realDonaldTrump,1
276,@Pappiness,@realDonaldTrump,3
277,@PatriciaBrand67,@realDonaldTrump,1
278,@PaulMcCombs9,@realDonaldTrump,1
279,@Paul_VanDerMeer,@realDonaldTrump,1
280,@PaulieKatarivas,@realDonaldTrump,1
281,@PaulusAr,@realDonaldTrump,1
282,@PeaceHappyJoy,@realDonaldTrump,1
283,@PennyPenelope8,@realDonaldTrump,1
284,@Pennylane2004,@realDonaldTrump,1
285,@PeshingXx,@realDonaldTrump,1
286,@PhilipTalotta,@realDonaldTrump,1
287,@PhillyRepub1,@realDonaldTrump,1
288,@PlaysTrumpCard,@realDonaldTrump,2
289,@PootsMom,@realDonaldTrump,1
290,@PressSec,@realDonaldTrump,1
291,@ProjectNeg11,@realDonaldTrump,1
292,@PsingCrypto,@realDonaldTrump,1
293,@QilingC,@realDonaldTrump,1
294,@Quasar916,@realDonaldTrump,1
295,@R3Thorns,@realDonaldTrump,1
296,@REALLY50409619,@realDonaldTrump,1
297,@RNCResearch,@realDonaldTrump,1
298,@RaeofChange,@realDonaldTrump,1
299,@Raffertysdad,@realDonaldTrump,1
300,@RagingPachyderm,@realDonaldTrump,1
301,@RealDeepState3,@realDonaldTrump,1
302,@RealEricCarmen,@realDonaldTrump,1
303,@RealPeachyKeen2,@realDonaldTrump,1
304,@RealVanf,@realDonaldTrump,1
305,@RebelRedding,@realDonaldTrump,1
306,@RegularResister,@realDonaldTrump,1
307,@RepAndyLevin,@realDonaldTrump,1
308,@ReubenStutter,@realDonaldTrump,1
309,@Rick_Gains,@realDonaldTrump,1
310,@RinehartLela,@realDonaldTrump,1
311,@RingsingC,@realDonaldTrump,1
312,@Roastar2,@realDonaldTrump,1
313,@Rob184rob,@realDonaldTrump,1
314,@Rockettlulu,@realDonaldTrump,1
315,@RonJeffords,@realDonaldTrump,1
316,@RsrnF,@realDonaldTrump,1
317,@Russell31326157,@realDonaldTrump,1
318,@RuthNBetty,@realDonaldTrump,1
319,@Rwwatson,@realDonaldTrump,1
320,@Ryan_Bennett6,@realDonaldTrump,1
321,@RyansFeet1,@realDonaldTrump,1
322,@RynnDwyer,@realDonaldTrump,1
323,@SHMiddlebrook,@realDonaldTrump,1
324,@ScottMurdock1,@realDonaldTrump,1
325,@ScottPresler,@realDonaldTrump,2
326,@SecretarySonny,@realDonaldTrump,1
327,@Seddel3,@realDonaldTrump,1
328,@SexCounseling,@realDonaldTrump,1
329,@ShalomLipner,@realDonaldTrump,1
330,@ShannonMcKinl68,@realDonaldTrump,1
331,@SharonShaman,@realDonaldTrump,1
332,@SheShel61,@realDonaldTrump,1
333,@Shehryar1995,@realDonaldTrump,1
334,@Sherwood1981,@realDonaldTrump,1
335,@ShiftItChick37,@realDonaldTrump,1
336,@ShineOPTC,@realDonaldTrump,1
337,@Sissymcsison,@realDonaldTrump,1
338,@SmokeyStafford,@realDonaldTrump,1
339,@Spaniard8888888,@realDonaldTrump,1
340,@SteveScalise,@realDonaldTrump,1
341,@Stevegreene1242,@realDonaldTrump,1
342,@StevieTGarris,@realDonaldTrump,1
343,@Strandjunker,@realDonaldTrump,2
344,@SueKay22999557,@realDonaldTrump,1
345,@SueQueRN,@realDonaldTrump,1
346,@SusanLa90494043,@realDonaldTrump,1
347,@THeinrich22,@realDonaldTrump,1
348,@TKThomas7,@realDonaldTrump,1
349,@TPPatriots,@realDonaldTrump,1
350,@Tahnit,@realDonaldTrump,1
351,@TalbertSwan,@realDonaldTrump,2
352,@TanveerBarry,@realDonaldTrump,1
353,@Tat22134167,@realDonaldTrump,1
354,@TeamTrump,@realDonaldTrump,2
355,@TexanLady40,@realDonaldTrump,1
356,@TheClearCider,@realDonaldTrump,1
357,@TheDailyDopeShw,@realDonaldTrump,1
358,@TheDailyEdge,@realDonaldTrump,2
359,@ThePubliusUSA,@realDonaldTrump,1
360,@TheRightMelissa,@realDonaldTrump,1
361,@TheTopMostDog,@realDonaldTrump,1
362,@TimMurtaugh,@realDonaldTrump,1
363,@Tim_Canova,@realDonaldTrump,1
364,@Tim_Patriot1,@realDonaldTrump,1
365,@TimeForRates,@realDonaldTrump,1
366,@TimeToSayGood15,@realDonaldTrump,1
367,@ToddHall45,@realDonaldTrump,1
368,@TomFitton,@realDonaldTrump,2
369,@ToniGuillot89,@realDonaldTrump,3
370,@Travelgirl1024,@realDonaldTrump,1
371,@Tricefor3,@realDonaldTrump,1
372,@TrueNor19409106,@realDonaldTrump,1
373,@TrumpNewsNetwrk,@realDonaldTrump,1
374,@TrumpNewsPolls,@realDonaldTrump,1
375,@TrumpOnDrugs,@realDonaldTrump,1
376,@TrumpPenthouse,@realDonaldTrump,1
377,@TrumpStudents,@realDonaldTrump,1
378,@Trump_Detester,@realDonaldTrump,1
379,@TrumperSeaney,@realDonaldTrump,1
380,@TurtleVentura,@realDonaldTrump,1
381,@TwittOne,@realDonaldTrump,1
382,@TylerDWalton,@realDonaldTrump,1
383,@VGadsden,@realDonaldTrump,2
384,@VPorochenko,@realDonaldTrump,1
385,@VentonBlandinTV,@realDonaldTrump,1
386,@Voice_For_India,@realDonaldTrump,1
387,@WTEpaminondas,@realDonaldTrump,1
388,@WWoodUK,@realDonaldTrump,1
389,@WadeckiTom,@realDonaldTrump,1
390,@Waleed98971879,@realDonaldTrump,1
391,@WalkedAway266,@realDonaldTrump,1
392,@Watching_You2,@realDonaldTrump,1
393,@Wayward888,@realDonaldTrump,1
394,@WhiteHouse,@realDonaldTrump,4
395,@WilliamChang_,@realDonaldTrump,1
396,@WomenSpoke4Me,@realDonaldTrump,1
397,@WonkPorn,@realDonaldTrump,1
398,@Woodbridges25th,@realDonaldTrump,1
399,@Yeolddogface,@realDonaldTrump,1
400,@Youngie60,@realDonaldTrump,1
401,@YourServiceYW,@realDonaldTrump,1
402,@ZackSohn_,@realDonaldTrump,1
403,@ZelimHann,@realDonaldTrump,1
404,@Zimgirl1219,@realDonaldTrump,1
405,@_Kel_Varnsen_,@realDonaldTrump,1
406,@_ciel_neuro,@realDonaldTrump,1
407,@acwill1228,@realDonaldTrump,1
408,@adamhume,@realDonaldTrump,1
409,@agordonstudio,@realDonaldTrump,1
410,@akajokoz,@realDonaldTrump,1
411,@aking4democracy,@realDonaldTrump,1
412,@alexanderrsky,@realDonaldTrump,1
413,@alexbruesewitz,@realDonaldTrump,1
414,@alley167,@realDonaldTrump,1
415,@antiqueyes1,@realDonaldTrump,1
416,@applebaum_eric,@realDonaldTrump,1
417,@ari22255946,@realDonaldTrump,1
418,@arlene_randy,@realDonaldTrump,1
419,@astorga_rodrigo,@realDonaldTrump,1
420,@auntieshannont,@realDonaldTrump,1
421,@barrett_dog,@realDonaldTrump,1
422,@baybayroach,@realDonaldTrump,1
423,@bdog_mom,@realDonaldTrump,1
424,@beerhooligan,@realDonaldTrump,1
425,@believe_coach,@realDonaldTrump,1
426,@bently46,@realDonaldTrump,1
427,@bill_maton,@realDonaldTrump,1
428,@botbehavior,@realDonaldTrump,1
429,@br0k3nhalos,@realDonaldTrump,1
430,@brad_stay,@realDonaldTrump,1
431,@bruce_speca,@realDonaldTrump,1
432,@bulldoza12,@realDonaldTrump,1
433,@carogonza,@realDonaldTrump,1
434,@castlefarrimond,@realDonaldTrump,1
435,@chaele3,@realDonaldTrump,1
436,@channexx1,@realDonaldTrump,1
437,@chedancer,@realDonaldTrump,1
438,@chellelaine,@realDonaldTrump,1
439,@chenqiushi404,@realDonaldTrump,1
440,@chetta1234,@realDonaldTrump,1
441,@chuckzhangchen1,@realDonaldTrump,1
442,@cjtruth,@realDonaldTrump,1
443,@cleyens,@realDonaldTrump,1
444,@codeofvets,@realDonaldTrump,1
445,@consvtv0NTX,@realDonaldTrump,1
446,@cookiesinheaven,@realDonaldTrump,1
447,@corne06946803,@realDonaldTrump,1
448,@cossette617,@realDonaldTrump,1
449,@craftystitches,@realDonaldTrump,1
450,@currie14_kelly,@realDonaldTrump,1
451,@damian_heron,@realDonaldTrump,1
452,@danMIA,@realDonaldTrump,1
453,@danielsgoldman,@realDonaldTrump,1
454,@danigomis,@realDonaldTrump,1
455,@danvanvo,@realDonaldTrump,1
456,@darcy73196631,@realDonaldTrump,1
457,@darrell_olive,@realDonaldTrump,1
458,@davidbeckhamxz,@realDonaldTrump,1
459,@davidbo02831566,@realDonaldTrump,1
460,@davidmweissman,@realDonaldTrump,1
461,@dchaffe60666717,@realDonaldTrump,1
462,@dcoles11,@realDonaldTrump,1
463,@denise_yanac,@realDonaldTrump,1
464,@desert1723,@realDonaldTrump,1
465,@dflood51,@realDonaldTrump,1
466,@dhenne23,@realDonaldTrump,1
467,@disgustedcats,@realDonaldTrump,1
468,@djsandbulte,@realDonaldTrump,1
469,@dklaidman,@realDonaldTrump,1
470,@dmd115,@realDonaldTrump,1
471,@dmock70,@realDonaldTrump,1
472,@docrussjackson,@realDonaldTrump,1
473,@donnathedon,@realDonaldTrump,1
474,@donwinslow,@realDonaldTrump,3
475,@dvillella,@realDonaldTrump,1
476,@dyerson_s,@realDonaldTrump,1
477,@eah1966,@realDonaldTrump,1
478,@ed5835us,@realDonaldTrump,1
479,@edison_goff,@realDonaldTrump,1
480,@edsinnh,@realDonaldTrump,1
481,@ericbolling,@realDonaldTrump,1
482,@erkanclk35,@realDonaldTrump,1
483,@eternalatake___,@realDonaldTrump,1
484,@etnyre1,@realDonaldTrump,1
485,@eugenegu,@realDonaldTrump,6
486,@fabmissem,@realDonaldTrump,1
487,@fatnixon2019,@realDonaldTrump,1
488,@fighter_nazi,@realDonaldTrump,1
489,@financialissues,@realDonaldTrump,1
490,@fiveodan,@realDonaldTrump,1
491,@fjcoughlin,@realDonaldTrump,1
492,@funder,@realDonaldTrump,1
493,@gailhennessey,@realDonaldTrump,1
494,@gatita_bonita_s,@realDonaldTrump,1
495,@gazordroig,@realDonaldTrump,1
496,@gdfuego,@realDonaldTrump,1
497,@genoejr,@realDonaldTrump,1
498,@ghost_walker50,@realDonaldTrump,1
499,@ginmarrienne,@realDonaldTrump,1
500,@girlsreallyrule,@realDonaldTrump,1
501,@girotto_teresa,@realDonaldTrump,1
502,@greer_gregg,@realDonaldTrump,1
503,@gtconway3d,@realDonaldTrump,1
504,@guidryjayne,@realDonaldTrump,1
505,@hcougar82,@realDonaldTrump,1
506,@hit_youtiao,@realDonaldTrump,1
507,@holliem71,@realDonaldTrump,1
508,@hsvkate2u,@realDonaldTrump,1
509,@hughvonN,@realDonaldTrump,1
510,@inittowinit007,@realDonaldTrump,2
511,@itsJeffTiedrich,@realDonaldTrump,5
512,@itsmemanozz,@realDonaldTrump,1
513,@jackiegontarek,@realDonaldTrump,1
514,@jaletine,@realDonaldTrump,1
515,@jasmith31,@realDonaldTrump,1
516,@jayteepee,@realDonaldTrump,1
517,@jayvald96804679,@realDonaldTrump,1
518,@jeff_durrell,@realDonaldTrump,1
519,@jeffso,@realDonaldTrump,1
520,@jenifer__5,@realDonaldTrump,1
521,@jewlzz_X,@realDonaldTrump,1
522,@jheil,@realDonaldTrump,1
523,@jimmyotx,@realDonaldTrump,1
524,@jmathill,@realDonaldTrump,1
525,@joecagle77,@realDonaldTrump,1
526,@joelockhart,@realDonaldTrump,2
527,@john_ega,@realDonaldTrump,1
528,@johnpavlovitz,@realDonaldTrump,1
529,@jptrehyjr,@realDonaldTrump,2
530,@jr7138,@realDonaldTrump,1
531,@jrmkingston,@realDonaldTrump,1
532,@jrpsaki,@realDonaldTrump,1
533,@jstringerfl,@realDonaldTrump,1
534,@jtkirk161,@realDonaldTrump,1
535,@julianyu18,@realDonaldTrump,1
536,@juliek09,@realDonaldTrump,1
537,@jvillian00,@realDonaldTrump,1
538,@k_ovfefe2,@realDonaldTrump,1
539,@kayleighmcenany,@realDonaldTrump,1
540,@kbaylor1,@realDonaldTrump,1
541,@kennebunk1979,@realDonaldTrump,1
542,@kevin_avant,@realDonaldTrump,1
543,@kevinreilly88,@realDonaldTrump,1
544,@kiloloyc,@realDonaldTrump,1
545,@kimguilfoyle,@realDonaldTrump,1
546,@kimmons2,@realDonaldTrump,1
547,@knowscity,@realDonaldTrump,1
548,@ksthornton,@realDonaldTrump,1
549,@kt_shows,@realDonaldTrump,1
550,@kylie_sadie,@realDonaldTrump,1
551,@lSolarrll,@realDonaldTrump,1
552,@labsmith68,@realDonaldTrump,1
553,@ladynewenglaand,@realDonaldTrump,1
554,@lanaRu52,@realDonaldTrump,1
555,@lancemmons1,@realDonaldTrump,1
556,@larryjamad,@realDonaldTrump,1
557,@lbrentdmd,@realDonaldTrump,1
558,@ldelevingne,@realDonaldTrump,1
559,@lemieux_a,@realDonaldTrump,1
560,@leonardsmuse,@realDonaldTrump,1
561,@leungchunyip1,@realDonaldTrump,1
562,@lilia25139704,@realDonaldTrump,1
563,@lissasno1fan,@realDonaldTrump,1
564,@llbelk1,@realDonaldTrump,1
565,@lmp1019,@realDonaldTrump,1
566,@locolockman,@realDonaldTrump,1
567,@lori_ratica,@realDonaldTrump,1
568,@lowrad57,@realDonaldTrump,1
569,@lwood612,@realDonaldTrump,1
570,@m_berndoyle,@realDonaldTrump,1
571,@macscotchman,@realDonaldTrump,1
572,@magacalicpa,@realDonaldTrump,1
573,@magsatlarge,@realDonaldTrump,1
574,@makeamericabud,@realDonaldTrump,1
575,@marc_lotter,@realDonaldTrump,2
576,@markkayeshow,@realDonaldTrump,1
577,@mbw955,@realDonaldTrump,1
578,@mccunecicki,@realDonaldTrump,1
579,@mehdirezai16,@realDonaldTrump,1
580,@mfstern,@realDonaldTrump,1
581,@michael27777,@realDonaldTrump,1
582,@michaelbeatty3,@realDonaldTrump,7
583,@michellemalkin,@realDonaldTrump,1
584,@mlttanaka,@realDonaldTrump,1
585,@mo_wham,@realDonaldTrump,1
586,@mobetter4ya,@realDonaldTrump,1
587,@mountainlady15,@realDonaldTrump,1
588,@mpmacal,@realDonaldTrump,1
589,@mrzhang93217321,@realDonaldTrump,1
590,@mullen335,@realDonaldTrump,1
591,@mush6_28,@realDonaldTrump,1
592,@mvannortwick24,@realDonaldTrump,1
593,@mymonkeysmom,@realDonaldTrump,1
594,@nXgenR,@realDonaldTrump,1
595,@nene_pinto,@realDonaldTrump,1
596,@njmackem,@realDonaldTrump,1
597,@no_silenced,@realDonaldTrump,1
598,@ocdrx,@realDonaldTrump,1
599,@ocho_824,@realDonaldTrump,1
600,@ohiomedic1,@realDonaldTrump,1
601,@ohlightynight,@realDonaldTrump,1
602,@onefig,@realDonaldTrump,1
603,@owillis,@realDonaldTrump,1
604,@parscale,@realDonaldTrump,1
605,@pengtenglil,@realDonaldTrump,1
606,@peteferg,@realDonaldTrump,1
607,@pink_lady56,@realDonaldTrump,1
608,@pinkk9lover,@realDonaldTrump,1
609,@politicsnat,@realDonaldTrump,1
610,@pollsofpolitics,@realDonaldTrump,1
611,@pollyresists,@realDonaldTrump,1
612,@priestcraig1,@realDonaldTrump,1
613,@princessgumboot,@realDonaldTrump,1
614,@prose4hof,@realDonaldTrump,1
615,@punmasterflash,@realDonaldTrump,1
616,@purifyfan,@realDonaldTrump,1
617,@raevanz,@realDonaldTrump,1
618,@ram_mcmahon,@realDonaldTrump,1
619,@ranaenelly,@realDonaldTrump,1
620,@raymc64,@realDonaldTrump,1
621,@rc05689,@realDonaldTrump,1
622,@rck899,@realDonaldTrump,1
623,@realJohnSMiller,@realDonaldTrump,1
624,@real_defender,@realDonaldTrump,1
625,@rejenrat,@realDonaldTrump,1
626,@rhus00,@realDonaldTrump,1
627,@robstewartcamp,@realDonaldTrump,1
628,@rogerears,@realDonaldTrump,1
629,@ronneuen,@realDonaldTrump,1
630,@roqisland1,@realDonaldTrump,1
631,@rvdesh,@realDonaldTrump,1
632,@s8nismyfather,@realDonaldTrump,1
633,@saltandlightTX,@realDonaldTrump,1
634,@saltedv8,@realDonaldTrump,1
635,@scooterdawg,@realDonaldTrump,1
636,@seekthetruth07,@realDonaldTrump,1
637,@sft_asu,@realDonaldTrump,1
638,@shawniedw2,@realDonaldTrump,1
639,@silly_Lyle,@realDonaldTrump,1
640,@simscity02,@realDonaldTrump,1
641,@sister77420089,@realDonaldTrump,1
642,@sjorolan,@realDonaldTrump,1
643,@snuckoutofjack,@realDonaldTrump,1
644,@socialmissfit3,@realDonaldTrump,1
645,@steph93065,@realDonaldTrump,1
646,@steve_vladeck,@realDonaldTrump,1
647,@steveavonloor,@realDonaldTrump,1
648,@sulkyracer,@realDonaldTrump,1
649,@sunshineydays2,@realDonaldTrump,1
650,@surf_lex,@realDonaldTrump,1
651,@susanccollins,@realDonaldTrump,1
652,@teddy_ballou,@realDonaldTrump,1
653,@tedlieu,@realDonaldTrump,4
654,@theOptiMysticKA,@realDonaldTrump,1
655,@the_timestreams,@realDonaldTrump,1
656,@thejtlewis,@realDonaldTrump,2
657,@theraddadchad,@realDonaldTrump,1
658,@thisisfenway,@realDonaldTrump,1
659,@thisismash,@realDonaldTrump,1
660,@thisjackya,@realDonaldTrump,1
661,@thortallmon,@realDonaldTrump,1
662,@timaverill,@realDonaldTrump,1
663,@tomjc1943,@realDonaldTrump,1
664,@tommanatine46,@realDonaldTrump,1
665,@troygbradley,@realDonaldTrump,1
666,@trumpwarrior45,@realDonaldTrump,1
667,@tuluene,@realDonaldTrump,1
668,@undhockeyfan,@realDonaldTrump,1
669,@ursawarrior17,@realDonaldTrump,1
670,@vega_fam510,@realDonaldTrump,1
671,@vlacknar,@realDonaldTrump,1
672,@vmania,@realDonaldTrump,1
673,@w_terrence,@realDonaldTrump,2
674,@weiluwang868,@realDonaldTrump,1
675,@williamlegate,@realDonaldTrump,1
676,@worrall1966,@realDonaldTrump,1
677,@wpnofassdstrctn,@realDonaldTrump,1
678,@xmZDGp7NBLgmaQU,@realDonaldTrump,1
679,@yaming60787226,@realDonaldTrump,1
680,@ycheung212,@realDonaldTrump,1
681,@yhwhuniversity,@realDonaldTrump,1
682,@ymanisimmons,@realDonaldTrump,1
683,@yoalexrapz,@realDonaldTrump,1
684,@zhangqingqun,@realDonaldTrump,1
685,@zhu_66,@realDonaldTrump,1
